<?xml version="1.0" encoding="UTF-8"?>
<project-private xmlns="http://www.netbeans.org/ns/project-private/1">
    <editor-bookmarks xmlns="http://www.netbeans.org/ns/editor-bookmarks/2" lastBookmarkId="0"/>
    <open-files xmlns="http://www.netbeans.org/ns/projectui-open-files/2">
        <group>
            <file>file:/C:/Users/Gauri/plainsurf_custom_php/process.php</file>
            <file>file:/C:/Users/Gauri/plainsurf_custom_php/includes/login.php</file>
            <file>file:/C:/Users/Gauri/plainsurf_custom_php/logincheck.php</file>
            <file>file:/C:/Users/Gauri/plainsurf_custom_php/includes/contact1.php</file>
            <file>file:/C:/Users/Gauri/plainsurf_custom_php/logout.php</file>
            <file>file:/C:/Users/Gauri/plainsurf_custom_php/delete.php</file>
        </group>
    </open-files>
</project-private>
